exchange,exchange_token,trading_symbol,groww_symbol,name,instrument_type,segment,series,isin,underlying_symbol,underlying_exchange_token,expiry_date,strike_price,lot_size,tick_size,freeze_quantity,is_reserved,buy_allowed,sell_allowed,internal_trading_symbol,is_intraday
NSE,64295,NIFTY26NOV22750PE,NSE-NIFTY-23Nov26-22750-PE,,PE,FNO,,,NIFTY,26000,2026-11-23,22750,65,0.05,1801,0,1,1,NIFTY26NOV22750PE,0
NSE,64293,NIFTY26NOV22700PE,NSE-NIFTY-23Nov26-22700-PE,,PE,FNO,,,NIFTY,26000,2026-11-23,22700,65,0.05,1801,0,1,1,NIFTY26NOV22700PE,0
NSE,64291,NIFTY26NOV22700CE,NSE-NIFTY-23Nov26-22700-CE,,CE,FNO,,,NIFTY,26000,2026-11-23,22700,65,0.05,1801,0,1,1,NIFTY26NOV22700CE,0
NSE,64294,NIFTY26NOV22750CE,NSE-NIFTY-23Nov26-22750-CE,,CE,FNO,,,NIFTY,26000,2026-11-23,22750,65,0.05,1801,0,1,1,NIFTY26NOV22750CE,0
NSE,40714,NIFTY26O0622750PE,NSE-NIFTY-06Oct26-22750-PE,,PE,FNO,,,NIFTY,26000,2026-10-06,22750,65,0.05,1801,0,1,1,NIFTY26O0622750PE,0
NSE,40711,NIFTY26O0622700PE,NSE-NIFTY-06Oct26-22700-PE,,PE,FNO,,,NIFTY,26000,2026-10-06,22700,65,0.05,1801,0,1,1,NIFTY26O0622700PE,0
NSE,40712,NIFTY26O0622750CE,NSE-NIFTY-06Oct26-22750-CE,,CE,FNO,,,NIFTY,26000,2026-10-06,22750,65,0.05,1801,0,1,1,NIFTY26O0622750CE,0
NSE,40710,NIFTY26O0622700CE,NSE-NIFTY-06Oct26-22700-CE,,CE,FNO,,,NIFTY,26000,2026-10-06,22700,65,0.05,1801,0,1,1,NIFTY26O0622700CE,0
NSE,65129,NIFTYNXT5026NOV48000PE,NSE-NIFTYNXT50-23Nov26-48000-PE,,PE,FNO,,,NIFTYNXT50,26013,2026-11-23,48000,25,0.05,601,1,1,1,NIFTYNXT5026NOV48000PE,0
NSE,30232,1075SCL35,NSE-1075SCL35,Sammaan Capital Limited Mar'35,EQ,CASH,N1,INE148I07WR7,,,,,1,0.01,,,1,1,1075SCL35-N1,0
